hydrogel_tau_s,final_leak_conductance_ratio,leak_reduction_pct,flow_retention_pct,isolation_time_s,expected_sensor_effect_sigma,passes_falsification_gate
45.0,0.005,98.31181291473663,99.34315070088367,129.04382705688477,175.8828018401268,True
45.0,0.019047619047619046,93.77913168247434,97.57954966607016,139.71843719482422,175.8828018401268,True
45.0,0.033095238095238094,89.53133319314813,95.92679240660678,154.21756744384766,175.8828018401268,True
45.0,0.04714285714285714,85.54237807278797,94.37474737683077,176.5609359741211,175.8828018401268,True
45.0,0.061190476190476184,81.789306581994,92.91448127256962,225.41265487670898,175.8828018401268,True
45.0,0.07523809523809524,78.25179641140123,91.53808697572055,,175.8828018401268,False
45.0,0.08928571428571429,74.91179454539909,90.23854031772174,,175.8828018401268,False
45.0,0.10333333333333333,71.75320911321649,89.00958018324438,,175.8828018401268,False
45.0,0.11738095238095238,68.76165012488151,87.84560763428577,,175.8828018401268,False
45.0,0.13142857142857142,65.92421027747675,86.74160062503785,,175.8828018401268,False
45.0,0.14547619047619048,63.22927878793523,85.69304156690734,,175.8828018401268,False
45.0,0.1595238095238095,60.666382589026256,84.69585554015919,,175.8828018401268,False
45.0,0.17357142857142857,58.226050308521884,83.74635737016807,,175.8828018401268,False
45.0,0.1876190476190476,55.89969530718333,82.8412061191818,,175.8828018401268,False
45.0,0.20166666666666666,53.67951473112331,81.97736580904862,,175.8828018401268,False
45.0,0.2157142857142857,51.55840207749194,81.15207140178379,,175.8828018401268,False
45.0,0.22976190476190475,49.52987120909451,80.36279923475094,,175.8828018401268,False
45.0,0.2438095238095238,47.58799010627652,79.6072412444739,,175.8828018401268,False
45.0,0.25785714285714284,45.72732293075333,78.88328242450669,,175.8828018401268,False
45.0,0.27190476190476187,43.94287920962011,78.18898105366303,,175.8828018401268,False
45.0,0.28595238095238096,42.230069139142316,77.52255130536457,,175.8828018401268,False
45.0,0.3,40.58466416540535,76.88234791013898,,175.8828018401268,False
65.71428571428572,0.005,98.27364038339319,99.32829831830277,186.143798828125,175.8828018401268,True
65.71428571428572,0.019047619047619046,93.74390006422445,97.56584155044946,201.7301368713379,175.8828018401268,True
65.71428571428572,0.033095238095238094,89.4987540517862,95.91411633156973,222.90231704711914,175.8828018401268,True
65.71428571428572,0.04714285714285714,85.5121985137356,94.36300494473645,255.53443908691406,175.8828018401268,True
65.71428571428572,0.061190476190476184,81.76130399589961,92.90358586932307,326.8702507019043,175.8828018401268,True
65.71428571428572,0.07523809523809524,78.22577411930818,91.52796207637029,,175.8828018401268,False
65.71428571428572,0.08928571428571429,74.88757817057649,90.22911807479133,,175.8828018401268,False
65.71428571428572,0.10333333333333333,71.730643542416,89.00080024440123,,175.8828018401268,False
65.71428571428572,0.11738095238095238,68.74059695057457,87.8374161471524,,175.8828018401268,False
65.71428571428572,0.13142857142857142,65.90454563480421,86.73394939558015,,175.8828018401268,False
65.71428571428572,0.14547619047619048,63.210891517310074,85.68588734452983,,175.8828018401268,False
65.71428571428572,0.1595238095238095,60.649172668775606,84.68915940786844,,175.8828018401268,False
65.71428571428572,0.17357142857142857,58.209927512528395,83.74008422228026,,175.8828018401268,False
65.71428571428572,0.1876190476190476,55.884578050854095,82.83532421230599,,175.8828018401268,False
65.71428571428572,0.20166666666666666,53.66532907567556,81.97184637466856,,175.8828018401268,False
65.71428571428572,0.2157142857142857,51.54508086787612,81.14688831083618,,175.8828018401268,False
65.71428571428572,0.22976190476190475,49.51735332516732,80.35792870626757,,175.8828018401268,False
65.71428571428572,0.2438095238095238,47.57621981030579,79.6026615917054,,175.8828018401268,False
65.71428571428572,0.25785714285714284,45.71624929715898,78.87897383304275,,175.8828018401268,False
65.71428571428572,0.27190476190476187,43.93245562515755,78.184925386961,,175.8828018401268,False
65.71428571428572,0.28595238095238096,42.220252863624864,77.51873193383297,,175.8828018401268,False
65.71428571428572,0.3,40.575415944616935,76.87874956052713,,175.8828018401268,False
86.42857142857143,0.005,97.97354026636373,99.21153368169571,243.24377059936523,175.8828018401268,True
86.42857142857143,0.019047619047619046,93.4668895317423,97.45806073889304,263.74183654785156,175.8828018401268,True
86.42857142857143,0.033095238095238094,89.24257195948616,95.814439566333,291.5893363952637,175.8828018401268,True
86.42857142857143,0.04714285714285714,85.27486192104053,94.27066069217865,334.505672454834,175.8828018401268,True
86.42857142857143,0.061190476190476184,81.54106708185202,92.81789485563479,428.33011627197266,175.8828018401268,True
86.42857142857143,0.07523809523809524,78.02109413496461,91.44832404014026,,175.8828018401268,False
86.42857142857143,0.08928571428571429,74.69708706477236,90.15500072699994,,175.8828018401268,False
86.42857142857143,0.10333333333333333,71.55312419089255,88.93173001951578,,175.8828018401268,False
86.42857142857143,0.11738095238095238,68.57496314264206,87.77297041622595,,175.8828018401268,False
86.42857142857143,0.13142857142857142,65.74982514446705,86.67374987946968,,175.8828018401268,False
86.42857142857143,0.14547619047619048,63.06621171987325,85.6295945175249,,175.8828018401268,False
86.42857142857143,0.1595238095238095,60.513748268758924,84.63646772279947,,175.8828018401268,False
86.42857142857143,0.17357142857142857,58.083050031167595,83.69071802025623,,175.8828018401268,False
86.42857142857143,0.1876190476190476,55.76560678673659,82.78903420562798,,175.8828018401268,False
86.42857142857143,0.20166666666666666,53.553683304028674,81.92840661168509,,175.8828018401268,False
86.42857142857143,0.2157142857142857,51.440233085639065,81.10609354769794,,175.8828018401268,False
86.42857142857143,0.22976190476190475,49.418823382474685,80.3195921235721,,175.8828018401268,False
86.42857142857143,0.2438095238095238,47.48356979611209,79.56661280456714,,175.8828018401268,False
86.42857142857143,0.25785714285714284,45.62907906876562,78.8450571516963,,175.8828018401268,False
86.42857142857143,0.27190476190476187,43.850398889398015,78.15299829200691,,175.8828018401268,False
86.42857142857143,0.28595238095238096,42.14297373222541,77.4886637359779,,175.8828018401268,False
86.42857142857143,0.3,40.502605898410984,76.85042021940347,,175.8828018401268,False
107.14285714285714,0.005,97.0384881010095,98.8477183410788,300.3414726257324,175.8828018401268,True
107.14285714285714,0.019047619047619046,92.60342793640632,97.1221002587654,325.75353622436523,175.8828018401268,True
107.14285714285714,0.033095238095238094,88.44372879887857,95.5036211891938,360.2763557434082,175.8828018401268,True
107.14285714285714,0.04714285714285714,84.53451817741953,93.98260359628705,413.4769058227539,175.8828018401268,True
107.14285714285714,0.061190476190476184,80.85383154733535,92.55050139959214,529.789981842041,175.8828018401268,True
107.14285714285714,0.07523809523809524,77.38219945290837,91.19973931408643,,175.8828018401268,False
107.14285714285714,0.08928571428571429,74.10230300540827,89.92357880941204,,175.8828018401268,False
107.14285714285714,0.10333333333333333,70.99868492698707,88.71600568121352,,175.8828018401268,False
107.14285714285714,0.11738095238095238,68.05750596527331,87.57163527556267,,175.8828018401268,False
107.14285714285714,0.13142857142857142,65.26633857937827,86.48563221515215,,175.8828018401268,False
107.14285714285714,0.14547619047619048,62.613991409315226,85.45364210287306,,175.8828018401268,False
107.14285714285714,0.1595238095238095,60.090359300251684,84.4717331684096,,175.8828018401268,False
107.14285714285714,0.17357142857142857,57.686294643915325,83.5363462090321,,175.8828018401268,False
107.14285714285714,0.1876190476190476,55.393496584000566,82.6442514810148,,175.8828018401268,False
107.14285714285714,0.20166666666666666,53.20441525724695,81.79251144121797,,175.8828018401268,False
107.14285714285714,0.2157142857142857,51.11216874231024,80.97844843308852,,175.8828018401268,False
107.14285714285714,0.22976190476190475,49.11047079153173,80.19961656813183,,175.8828018401268,False
107.14285714285714,0.2438095238095238,47.19356774687748,79.45377718081139,,175.8828018401268,False
107.14285714285714,0.25785714285714284,45.35618330659715,78.73887733805076,,175.8828018401268,False
107.14285714285714,0.27190476190476187,43.59347002591956,78.05303096885193,,175.8828018401268,False
107.14285714285714,0.28595238095238096,41.90096661301169,77.39450224876813,,175.8828018401268,False
107.14285714285714,0.3,40.27456022807784,76.76169093102517,,175.8828018401268,False
127.85714285714286,0.005,95.22111975981933,98.14060647440985,357.44144439697266,175.8828018401268,True
127.85714285714286,0.019047619047619046,90.92367711482142,96.4685333884348,387.76750564575195,175.8828018401268,True
127.85714285714286,0.033095238095238094,86.88835895892643,94.89844916877175,428.96337509155273,175.8828018401268,True
127.85714285714286,0.04714285714285714,83.09189245530756,93.42129868954525,492.4504089355469,175.8828018401268,True
127.85714285714286,0.061190476190476184,79.5136806266149,92.02906796329265,,175.8828018401268,False
127.85714285714286,0.07523809523809524,76.13542852012215,90.71463868720218,,175.8828018401268,False
127.85714285714286,0.08928571428571429,72.94083034189265,89.47166651151996,,175.8828018401268,False
127.85714285714286,0.10333333333333333,69.91530626621633,88.29447863588973,,175.8828018401268,False
127.85714285714286,0.11738095238095238,67.04577995581825,87.1779872456675,,175.8828018401268,False
127.85714285714286,0.13142857142857142,64.32048963073154,86.1176160015394,,175.8828018401268,False
127.85714285714286,0.14547619047619048,61.72882692843062,85.10923734231831,,175.8828018401268,False
127.85714285714286,0.1595238095238095,59.26119889999678,84.14911878963802,,175.8828018401268,False
127.85714285714286,0.17357142857142857,56.90890935744169,83.23387678190466,,175.8828018401268,False
127.85714285714286,0.1876190476190476,54.66405647878448,82.36043683390551,,175.8828018401268,False
127.85714285714286,0.20166666666666666,52.519444130002626,81.52599903345651,,175.8828018401268,False
127.85714285714286,0.2157142857142857,50.46850480690257,80.72800805919297,,175.8828018401268,False
127.85714285714286,0.22976190476190475,48.50523245849173,79.96412704311061,,175.8828018401268,False
127.85714285714286,0.2438095238095238,46.6241237444464,79.2322147146914,,175.8828018401268,False
127.85714285714286,0.25785714285714284,44.82012651660231,78.53030535579335,,175.8828018401268,False
127.85714285714286,0.27190476190476187,43.088594508825295,77.85659117113096,,175.8828018401268,False
127.85714285714286,0.28595238095238096,41.42524737959662,77.20940674142031,,175.8828018401268,False
127.85714285714286,0.3,39.826135383824315,76.58721527768945,,175.8828018401268,False
148.57142857142858,0.005,92.51503386886554,97.08770739921978,414.5414161682129,175.8828018401268,True
148.57142857142858,0.019047619047619046,88.41876456232833,95.4939079640281,449.7792053222656,175.8828018401268,True
148.57142857142858,0.033095238095238094,84.56567002280663,93.99472433100145,497.6481246948242,175.8828018401268,True
148.57142857142858,0.04714285714285714,80.93472038667824,92.58197408285842,571.4216423034668,175.8828018401268,True
148.57142857142858,0.061190476190476184,77.50724274300894,91.24839185868812,,175.8828018401268,False
148.57142857142858,0.07523809523809524,74.26659993461769,89.9875043800672,,175.8828018401268,False
148.57142857142858,0.08928571428571429,71.19792049200646,88.79352537223856,,175.8828018401268,False
148.57142857142858,0.10333333333333333,68.28787044890649,87.66126678082449,,175.8828018401268,False
148.57142857142858,0.11738095238095238,65.52445965289786,86.58606341007629,,175.8828018401268,False
148.57142857142858,0.13142857142857142,62.89687663681916,85.563708673716,,175.8828018401268,False
148.57142857142858,0.14547619047619048,60.395347255430856,84.5903995924968,,175.8828018401268,False
148.57142857142858,0.1595238095238095,58.0110131904692,83.66268952226783,,175.8828018401268,False
148.57142857142858,0.17357142857142857,55.73582714077693,82.77744737396266,,175.8828018401268,False
148.57142857142858,0.1876190476190476,53.56246208404573,81.93182230864882,,175.8828018401268,False
148.57142857142858,0.20166666666666666,51.48423245430589,81.12321306882367,,175.8828018401268,False
148.57142857142858,0.2157142857142857,49.49502544869131,80.34924125086526,,175.8828018401268,False
148.57142857142858,0.22976190476190475,47.589240976689226,79.60772794014943,,175.8828018401268,False
148.57142857142858,0.2438095238095238,45.76173900937126,78.89667322539353,,175.8828018401268,False
148.57142857142858,0.25785714285714284,44.00779328614326,78.21423818661899,,175.8828018401268,False
148.57142857142858,0.27190476190476187,42.32305050107594,77.55872901513982,,175.8828018401268,False
148.57142857142858,0.28595238095238096,40.70349422675486,76.9285829768521,,175.8828018401268,False
148.57142857142858,0.3,39.145412946258084,76.32235597393618,,175.8828018401268,False
169.28571428571428,0.005,89.09087460604451,95.75541630928066,471.6391181945801,175.8828018401268,True
169.28571428571428,0.019047619047619046,85.24272894746207,94.25815821460502,511.7909049987793,175.8828018401268,True
169.28571428571428,0.033095238095238094,81.61505745367678,92.84668344446993,566.3351440429688,175.8828018401268,True
169.28571428571428,0.04714285714285714,78.18944015603337,91.51382505416493,,175.8828018401268,False
169.28571428571428,0.061190476190476184,74.94945340275116,90.25319283714519,,175.8828018401268,False
169.28571428571428,0.07523809523809524,71.88040654750566,89.05907087434824,,175.8828018401268,False
169.28571428571428,0.08928571428571429,68.96911924334457,87.92633088246151,,175.8828018401268,False
169.28571428571428,0.10333333333333333,66.20373221960625,86.8503585899448,,175.8828018401268,False
169.28571428571428,0.11738095238095238,63.57354581236099,85.82699091154863,,175.8828018401268,False
169.28571428571428,0.13142857142857142,61.06888161262315,84.85246211762477,,175.8828018401268,False
169.28571428571428,0.14547619047619048,58.68096346089844,83.92335753081714,,175.8828018401268,False
169.28571428571428,0.1595238095238095,56.401814703784915,83.03657355008416,,175.8828018401268,False
169.28571428571428,0.17357142857142857,54.22416917778725,82.18928301578168,,175.8828018401268,False
169.28571428571428,0.1876190476190476,52.14139382722993,81.37890510140679,,175.8828018401268,False
169.28571428571428,0.20166666666666666,50.14742122012916,80.6030790564948,,175.8828018401268,False
169.28571428571428,0.2157142857142857,48.23669051579683,79.85964123796361,,175.8828018401268,False
169.28571428571428,0.22976190476190475,46.404095674512256,79.14660495924204,,175.8828018401268,False
169.28571428571428,0.2438095238095238,44.6449398935016,78.46214276196547,,175.8828018401268,False
169.28571428571428,0.25785714285714284,42.954895413087534,77.80457077712695,,175.8828018401268,False
169.28571428571428,0.27190476190476187,41.32996796881917,77.17233489391262,,175.8828018401268,False
169.28571428571428,0.28595238095238096,39.76646527489407,76.56399849705467,,175.8828018401268,False
169.28571428571428,0.3,38.260969015404555,75.97823156902865,,175.8828018401268,False
190.0,0.005,85.18931691186651,94.23737636024093,528.7390899658203,175.8828018401268,True
190.0,0.019047619047619046,81.61510133383358,92.84670051760743,573.802604675293,175.8828018401268,True
190.0,0.033095238095238094,78.23719009546838,91.53240386839974,,175.8828018401268,False
190.0,0.04714285714285714,75.03984319069656,90.2883622027786,,175.8828018401268,False
190.0,0.061190476190476184,72.00895955532249,89.10908899960276,,175.8828018401268,False
190.0,0.07523809523809524,69.13186915886597,87.98965453235472,,175.8828018401268,False
190.0,0.08928571428571429,66.39715596235511,86.9256169845659,,175.8828018401268,False
190.0,0.10333333333333333,63.79450652509002,85.91296354488722,,175.8828018401268,False
190.0,0.11738095238095238,61.31458002737874,84.94805983480607,,175.8828018401268,False
190.0,0.13142857142857142,58.94889625625391,84.027606325501,,175.8828018401268,False
190.0,0.14547619047619048,56.68973872312748,83.1486006423151,,175.8828018401268,False
190.0,0.1595238095238095,54.530070581038196,82.30830484936754,,175.8828018401268,False
190.0,0.17357142857142857,52.46346141114493,81.50421696323141,,175.8828018401268,False
190.0,0.1876190476190476,50.48402327381194,80.73404607133143,,175.8828018401268,False
190.0,0.20166666666666666,48.58635468478233,79.99569053387941,,175.8828018401268,False
190.0,0.2157142857142857,46.76549139379308,79.28721883254167,,175.8828018401268,False
190.0,0.22976190476190475,45.01686302113054,78.60685269834681,,175.8828018401268,False
190.0,0.2438095238095238,43.33625475458527,77.95295220852215,,175.8828018401268,False
190.0,0.25785714285714284,41.7197734309929,77.32400258930937,,175.8828018401268,False
190.0,0.27190476190476187,40.163817427764755,76.71860250119252,,175.8828018401268,False
190.0,0.28595238095238096,38.66504987428711,76.13545361583861,,175.8828018401268,False
190.0,0.3,37.22037476382544,75.57335132158403,,175.8828018401268,False
210.71428571428572,0.005,81.04326866556814,92.62420865598808,585.8367919921875,175.8828018401268,True
210.71428571428572,0.019047619047619046,77.74985197333643,91.3427876186669,,175.8828018401268,False
210.71428571428572,0.033095238095238094,74.62897539261238,90.12849945560032,,175.8828018401268,False
210.71428571428572,0.04714285714285714,71.66742612042087,88.97620325530447,,175.8828018401268,False
210.71428571428572,0.061190476190476184,68.85330685690924,87.88126994962823,,175.8828018401268,False
210.71428571428572,0.07523809523809524,66.17587606255448,86.83952016013139,,175.8828018401268,False
210.71428571428572,0.08928571428571429,63.625410940721295,85.84717088656998,,175.8828018401268,False
210.71428571428572,0.10333333333333333,61.193089461146414,84.90078960393204,,175.8828018401268,False
210.71428571428572,0.11738095238095238,58.870888407157,83.9972545940773,,175.8828018401268,False
210.71428571428572,0.13142857142857142,56.651494963734606,83.13372054592529,,175.8828018401268,False
210.71428571428572,0.14547619047619048,54.5282297936998,82.30758862550611,,175.8828018401268,False
210.71428571428572,0.1595238095238095,52.494979897392405,81.51648035262798,,175.8828018401268,False
210.71428571428572,0.17357142857142857,50.54613983428957,80.75821473105488,,175.8828018401268,False
210.71428571428572,0.1876190476190476,48.67656011626666,80.03078816906695,,175.8828018401268,False
210.71428571428572,0.20166666666666666,46.881501771985526,79.3323568011182,,175.8828018401268,False
210.71428571428572,0.2157142857142857,45.15659623830109,78.66122088215945,,175.8828018401268,False
210.71428571428572,0.22976190476190475,43.49780986400067,78.01581097655472,,175.8828018401268,False
210.71428571428572,0.2438095238095238,41.90141241871361,77.39467570535086,,175.8828018401268,False
210.71428571428572,0.25785714285714284,40.36394908948521,76.79647085054759,,175.8828018401268,False
210.71428571428572,0.27190476190476187,38.88221552254378,76.21994964420819,,175.8828018401268,False
210.71428571428572,0.28595238095238096,37.45323553080214,75.66395409476925,,175.8828018401268,False
210.71428571428572,0.3,36.0742411407285,75.12740722356514,,175.8828018401268,False
231.42857142857144,0.005,76.84073146297192,90.98906191180778,,175.8828018401268,False
231.42857142857144,0.019047619047619046,73.82106775962507,89.81415422271064,,175.8828018401268,False
231.42857142857144,0.033095238095238094,70.95180756076584,88.69776637265844,,175.8828018401268,False
231.42857142857144,0.04714285714285714,68.2219869580337,87.63563246269656,,175.8828018401268,False
231.42857142857144,0.061190476190476184,65.62168240602082,86.62389138412277,,175.8828018401268,False
231.42857142857144,0.07523809523809524,63.141890182005675,85.6590399180044,,175.8828018401268,False
231.42857142857144,0.08928571428571429,60.77442222560384,84.73789220788535,,175.8828018401268,False
231.42857142857144,0.10333333333333333,58.511815819048365,83.85754461768312,,175.8828018401268,False
231.42857142857144,0.11738095238095238,56.34725500895211,83.01534515802751,,175.8828018401268,False
231.42857142857144,0.13142857142857142,54.27450202653807,82.208866802859,,175.8828018401268,False
231.42857142857144,0.14547619047619048,52.28783725289601,81.43588413077421,,175.8828018401268,False
231.42857142857144,0.1595238095238095,50.38200651237561,80.69435281764376,,175.8828018401268,False
231.42857142857144,0.17357142857142857,48.55217467133136,79.98239158255166,,175.8828018401268,False
231.42857142857144,0.1876190476190476,46.79388467938623,79.29826625134035,,175.8828018401268,False
231.42857142857144,0.20166666666666666,45.10302132273352,78.64037565354232,,175.8828018401268,False
231.42857142857144,0.2157142857142857,43.47577906893705,78.00723911125449,,175.8828018401268,False
231.42857142857144,0.22976190476190475,41.9086334743605,77.39748531418033,,175.8828018401268,False
231.42857142857144,0.2438095238095238,40.398315702067,76.80984240491168,,175.8828018401268,False
231.42857142857144,0.25785714285714284,38.94178976244861,76.24312912358491,,175.8828018401268,False
231.42857142857144,0.27190476190476187,37.53623214311676,75.69624688216454,,175.8828018401268,False
231.42857142857144,0.28595238095238096,36.17901354045877,75.16817265645484,,175.8828018401268,False
231.42857142857144,0.3,34.86768244416084,74.65795259907395,,175.8828018401268,False
252.14285714285717,0.005,72.71626591206781,89.38429172372275,,175.8828018401268,False
252.14285714285717,0.019047619047619046,69.95458326797244,88.30976075201306,,175.8828018401268,False
252.14285714285717,0.033095238095238094,67.32342026022144,87.28601309241498,,175.8828018401268,False
252.14285714285717,0.04714285714285714,64.81373777197807,86.30953175465493,,175.8828018401268,False
252.14285714285717,0.061190476190476184,62.41731252300896,85.37711717874052,,175.8828018401268,False
252.14285714285717,0.07523809523809524,60.12664705779793,84.48585221263095,,175.8828018401268,False
252.14285714285717,0.08928571428571429,57.93489139366581,83.6330716266482,,175.8828018401268,False
252.14285714285717,0.10333333333333333,55.83577460398037,82.81633549348844,,175.8828018401268,False
252.14285714285717,0.11738095238095238,53.82354489713268,82.03340587381436,,175.8828018401268,False
252.14285714285717,0.13142857142857142,51.89291698543133,81.28222633824906,,175.8828018401268,False
252.14285714285717,0.14547619047619048,50.039025729781386,80.56090393118801,,175.8828018401268,False
252.14285714285717,0.1595238095238095,48.257385204108104,79.86769324335526,,175.8828018401268,False
252.14285714285717,0.17357142857142857,46.54385245438248,79.20098231096205,,175.8828018401268,False
252.14285714285717,0.1876190476190476,44.89459533590857,78.55928010165795,,175.8828018401268,False
252.14285714285717,0.20166666666666666,43.30606390330593,77.94120538278484,,175.8828018401268,False
252.14285714285717,0.2157142857142857,41.77496490362815,77.34547679701664,,175.8828018401268,False
252.14285714285717,0.22976190476190475,40.298238986917056,76.77090399531362,,175.8828018401268,False
252.14285714285717,0.2438095238095238,38.873040302325755,76.21637969806771,,175.8828018401268,False
252.14285714285717,0.25785714285714284,37.49671819346835,75.68087257302636,,175.8828018401268,False
252.14285714285717,0.27190476190476187,36.166800745271345,75.16342083360942,,175.8828018401268,False
252.14285714285717,0.28595238095238096,34.880979967458906,74.66312647401625,,175.8828018401268,False
252.14285714285717,0.3,33.63709842783539,74.17915006842846,,175.8828018401268,False
272.8571428571429,0.005,68.75685492235583,87.8437418899938,,175.8828018401268,False
272.8571428571429,0.019047619047619046,66.23282939486444,86.86167988208206,,175.8828018401268,False
272.8571428571429,0.033095238095238094,63.82188738234963,85.92361704239183,,175.8828018401268,False
272.8571428571429,0.04714285714285714,61.51659570445962,85.02666122742393,,175.8828018401268,False
272.8571428571429,0.061190476190476184,59.31015867451326,84.16816833329153,,175.8828018401268,False
272.8571428571429,0.07523809523809524,57.19635119214034,83.3457162630301,,175.8828018401268,False
272.8571428571429,0.08928571428571429,55.16946008929276,82.55708210517379,,175.8828018401268,False
272.8571428571429,0.10333333333333333,53.22423256577484,81.80022207076286,,175.8828018401268,False
272.8571428571429,0.11738095238095238,51.35583073430505,81.0732538074811,,175.8828018401268,False
272.8571428571429,0.13142857142857142,49.55979144693886,80.37444076869524,,175.8828018401268,False
272.8571428571429,0.14547619047619048,47.831990700544466,79.70217836413792,,175.8828018401268,False
272.8571428571429,0.1595238095238095,46.16861202376702,79.05498165973002,,175.8828018401268,False
272.8571428571429,0.17357142857142857,44.56611833540782,78.4314744280817,,175.8828018401268,False
272.8571428571429,0.1876190476190476,43.02122683748494,77.83037937974287,,175.8828018401268,False
272.8571428571429,0.20166666666666666,41.53088656792534,77.25050942927919,,175.8828018401268,False
272.8571428571429,0.2157142857142857,40.092258289895035,76.69075987049982,,175.8828018401268,False
272.8571428571429,0.22976190476190475,38.70269643883635,76.15010135230939,,175.8828018401268,False
272.8571428571429,0.2438095238095238,37.35973288569826,75.62757356121455,,175.8828018401268,False
272.8571428571429,0.25785714285714284,36.06106230670609,75.12227952891193,,175.8828018401268,False
272.8571428571429,0.27190476190476187,34.804528977228635,74.6333804939718,,175.8828018401268,False
272.8571428571429,0.28595238095238096,33.58811483059975,74.16009125569775,,175.8828018401268,False
272.8571428571429,0.3,32.40992864275805,73.70167596602528,,175.8828018401268,False
293.57142857142856,0.005,65.01259112155799,86.38690273115319,,175.8828018401268,False
293.57142857142856,0.019047619047619046,62.70426147775909,85.48876488737135,,175.8828018401268,False
293.57142857142856,0.033095238095238094,60.493958842212045,84.62876794173214,,175.8828018401268,False
293.57142857142856,0.04714285714285714,58.37556872898262,83.80453283575594,,175.8828018401268,False
293.57142857142856,0.061190476190476184,56.34347481998925,83.01387434090513,,175.8828018401268,False
293.57142857142856,0.07523809523809524,54.39250924347332,82.25478171265259,,175.8828018401268,False
293.57142857142856,0.08928571428571429,52.517908691094725,81.52540161627489,,175.8828018401268,False
293.57142857142856,0.10333333333333333,50.71527558912964,80.82402301912435,,175.8828018401268,False
293.57142857142856,0.11738095238095238,48.98054365745123,80.149063790124,,175.8828018401268,False
293.57142857142856,0.13142857142857142,47.30994728851437,79.49905878557131,,175.8828018401268,False
293.57142857142856,0.14547619047619048,45.69999426100689,78.87264923241237,,175.8828018401268,False
293.57142857142856,0.1595238095238095,44.14744137204598,78.2685732470805,,175.8828018401268,False
293.57142857142856,0.17357142857142857,42.649272630103354,77.68565735067706,,175.8828018401268,False
293.57142857142856,0.1876190476190476,41.20267970011494,77.12280886044512,,175.8828018401268,False
293.57142857142856,0.20166666666666666,39.80504433400031,76.57900905373744,,175.8828018401268,False
293.57142857142856,0.2157142857142857,38.45392255532944,76.05330701449796,,175.8828018401268,False
293.57142857142856,0.22976190476190475,37.14703039715758,75.54481408405834,,175.8828018401268,False
293.57142857142856,0.2438095238095238,35.8822310179397,75.05269884812616,,175.8828018401268,False
293.57142857142856,0.25785714285714284,34.65752304263868,74.57618260047752,,175.8828018401268,False
293.57142857142856,0.27190476190476187,33.47102999522069,74.1145352312931,,175.8828018401268,False
293.57142857142856,0.28595238095238096,32.3209907051772,73.66707149447423,,175.8828018401268,False
293.57142857142856,0.3,31.205750584917425,73.2331476138015,,175.8828018401268,False
314.2857142857143,0.005,61.50731465772934,85.02305010571054,,175.8828018401268,False
314.2857142857143,0.019047619047619046,59.39291310052439,84.20036688948159,,175.8828018401268,False
314.2857142857143,0.033095238095238094,57.36365675144101,83.4108124483547,,175.8828018401268,False
314.2857142857143,0.04714285714285714,55.414504029595044,82.65242517576428,,175.8828018401268,False
314.2857142857143,0.061190476190476184,53.54080367674546,81.92339533406803,,175.8828018401268,False
314.2857142857143,0.07523809523809524,51.73825770072307,81.2220506363679,,175.8828018401268,False
314.2857142857143,0.08928571428571429,50.002888461897975,80.54684344032866,,175.8828018401268,False
314.2857142857143,0.10333333333333333,48.331009372167024,79.89633934757538,,175.8828018401268,False
314.2857142857143,0.11738095238095238,46.719198752184255,79.26920703191811,,175.8828018401268,False
314.2857142857143,0.13142857142857142,45.16427645669281,78.66420914460484,,175.8828018401268,False
314.2857142857143,0.14547619047619048,43.663282931940586,78.08019416586342,,175.8828018401268,False
314.2857142857143,0.1595238095238095,42.21346041498353,77.51608908982098,,175.8828018401268,False
314.2857142857143,0.17357142857142857,40.81223602358993,76.97089284502918,,175.8828018401268,False
314.2857142857143,0.1876190476190476,39.45720651859611,76.44367036571593,,175.8828018401268,False
314.2857142857143,0.20166666666666666,38.14612454886519,75.93354723989692,,175.8828018401268,False
314.2857142857143,0.2157142857142857,36.876886213236524,75.43970486990914,,175.8828018401268,False
314.2857142857143,0.22976190476190475,35.647519794663665,74.96137608902592,,175.8828018401268,False
314.2857142857143,0.2438095238095238,34.45617553965291,74.49784118478398,,175.8828018401268,False
314.2857142857143,0.25785714285714284,33.30111637157298,74.04842428566535,,175.8828018401268,False
314.2857142857143,0.27190476190476187,32.180709439777765,73.61249007298304,,175.8828018401268,False
314.2857142857143,0.28595238095238096,31.093418418077878,73.18944078432695,,175.8828018401268,False
314.2857142857143,0.3,30.037796476169888,72.77871347884827,,175.8828018401268,False
335.0,0.005,58.24734513569181,83.75464288095262,,175.8828018401268,False
335.0,0.019047619047619046,56.306332242015024,82.99942269835752,,175.8828018401268,False
335.0,0.033095238095238094,54.439497916218194,82.27306432897416,,175.8828018401268,False
335.0,0.04714285714285714,52.64266962869566,81.57394430158249,,175.8828018401268,False
335.0,0.061190476190476184,50.911982028863214,80.90055866389889,,175.8828018401268,False
335.0,0.07523809523809524,49.24384918811273,80.2515121827093,,175.8828018401268,False
335.0,0.08928571428571429,47.6349397991286,79.62550869428013,,175.8828018401268,False
335.0,0.10333333333333333,46.0821549706158,79.02134246460662,,175.8828018401268,False
335.0,0.11738095238095238,44.5826083059915,78.43789043831832,,175.8828018401268,False
335.0,0.13142857142857142,43.1336079965847,77.87410527140077,,175.8828018401268,False
335.0,0.14547619047619048,41.73264069561655,77.32900905679358,,175.8828018401268,False
335.0,0.1595238095238095,40.37735696972188,76.80168766378644,,175.8828018401268,False
335.0,0.17357142857142857,39.06555815085413,76.29128562228495,,175.8828018401268,False
335.0,0.1876190476190476,37.79518443379597,75.79700149172291,,175.8828018401268,False
335.0,0.20166666666666666,36.5643040837433,75.31808366188886,,175.8828018401268,False
335.0,0.2157142857142857,35.371103635026444,74.85382653938953,,175.8828018401268,False
335.0,0.22976190476190475,34.213878976376876,74.40356707905515,,175.8828018401268,False
335.0,0.2438095238095238,33.0910272305736,73.96668162442714,,175.8828018401268,False
335.0,0.25785714285714284,32.0010393470946,73.54258302566504,,175.8828018401268,False
335.0,0.27190476190476187,30.942493335786725,73.13071800686501,,175.8828018401268,False
335.0,0.28595238095238096,29.914048077756604,72.73056475796652,,175.8828018401268,False
335.0,0.3,28.9144376568396,72.34163072920853,,175.8828018401268,False
355.7142857142857,0.005,55.227978315939055,82.57985070498934,,175.8828018401268,False
355.7142857142857,0.019047619047619046,53.44154736595163,81.884776131998,,175.8828018401268,False
355.7142857142857,0.033095238095238094,51.71997694248675,81.21493785642802,,175.8828018401268,False
355.7142857142857,0.04714285714285714,50.059797659422436,80.56898599006945,,175.8828018401268,False
355.7142857142857,0.061190476190476184,48.45778323250729,79.94566523215163,,175.8828018401268,False
355.7142857142857,0.07523809523809524,46.91092955308084,79.34380672722871,,175.8828018401268,False
355.7142857142857,0.08928571428571429,45.41643588681732,78.76232074988168,,175.8828018401268,False
355.7142857142857,0.10333333333333333,43.971687949926,78.20019011991141,,175.8828018401268,False
355.7142857142857,0.11738095238095238,42.57424264766274,77.65646426431297,,175.8828018401268,False
355.7142857142857,0.13142857142857142,41.22181428773065,77.13025385310856,,175.8828018401268,False
355.7142857142857,0.14547619047619048,39.91226210491459,76.62072594536198,,175.8828018401268,False
355.7142857142857,0.1595238095238095,38.643578953724386,76.12709958964919,,175.8828018401268,False
355.7142857142857,0.17357142857142857,37.4138810434262,75.64864183010638,,175.8828018401268,False
355.7142857142857,0.1876190476190476,36.22139860504803,75.18466407509645,,175.8828018401268,False
355.7142857142857,0.20166666666666666,35.06446739311314,74.7345187906556,,175.8828018401268,False
355.7142857142857,0.2157142857142857,33.941520936281066,74.29759648532936,,175.8828018401268,False
355.7142857142857,0.22976190476190475,32.85108346101372,73.87332295687274,,175.8828018401268,False
355.7142857142857,0.2438095238095238,31.791763421046237,73.46115677466081,,175.8828018401268,False
355.7142857142857,0.25785714285714284,30.76224757300694,73.06058697459726,,175.8828018401268,False
355.7142857142857,0.27190476190476187,29.761295545151324,72.67113094588737,,175.8828018401268,False
355.7142857142857,0.28595238095238096,28.78773485198044,72.2923324912974,,175.8828018401268,False
355.7142857142857,0.3,27.840456312614027,71.9237600445098,,175.8828018401268,False
376.42857142857144,0.005,52.43803444407341,81.49432369627931,,175.8828018401268,False
376.42857142857144,0.019047619047619046,50.78928667403175,80.85281966711982,,175.8828018401268,False
376.42857142857144,0.033095238095238094,49.197480941131545,80.23347096512346,,175.8828018401268,False
376.42857142857144,0.04714285714285714,47.65971744874291,79.63514932115439,,175.8828018401268,False
376.42857142857144,0.061190476190476184,46.17329001143856,79.05680179740922,,175.8828018401268,False
376.42857142857144,0.07523809523809524,44.73567016169243,78.49744460356233,,175.8828018401268,False
376.42857142857144,0.08928571428571429,43.344492796883294,77.95615751222151,,175.8828018401268,False
376.42857142857144,0.10333333333333333,41.99754319521294,77.43207880700841,,175.8828018401268,False
376.42857142857144,0.11738095238095238,40.692745250602016,76.92440070492628,,175.8828018401268,False
376.42857142857144,0.13142857142857142,39.42815079510685,76.43236520186544,,175.8828018401268,False
376.42857142857144,0.14547619047619048,38.20192989335547,75.95526029630838,,175.8828018401268,False
376.42857142857144,0.1595238095238095,37.012362007311616,75.49241655166658,,175.8828018401268,False
376.42857142857144,0.17357142857142857,35.85782794165572,75.04320396234407,,175.8828018401268,False
376.42857142857144,0.1876190476190476,34.736802490484905,74.6070290926742,,175.8828018401268,False
376.42857142857144,0.20166666666666666,33.64784771511048,74.18333246140743,,175.8828018401268,False
376.42857142857144,0.2157142857142857,32.589606790652056,73.77158614750986,,175.8828018401268,False
376.42857142857144,0.22976190476190475,31.560798366059885,73.37129159572862,,175.8828018401268,False
376.42857142857144,0.2438095238095238,30.560211388270897,72.98197760274601,,175.8828018401268,False
376.42857142857144,0.25785714285714284,29.586700346540805,72.60319846681709,,175.8828018401268,False
376.42857142857144,0.27190476190476187,28.63918089768809,72.2345322856154,,175.8828018401268,False
376.42857142857144,0.28595238095238096,27.716625837124486,71.87557938861886,,175.8828018401268,False
376.42857142857144,0.3,26.818061384200043,71.52596089179085,,175.8828018401268,False
397.14285714285717,0.005,49.86290665801821,80.49237853500499,,175.8828018401268,False
397.14285714285717,0.019047619047619046,48.33683602305733,79.89860641358182,,175.8828018401268,False
397.14285714285717,0.033095238095238094,46.860967478247694,79.32436720294672,,175.8828018401268,False
397.14285714285717,0.04714285714285714,45.43286391438214,78.76871265898112,,175.8828018401268,False
397.14285714285717,0.061190476190476184,44.05024345931895,78.23075493807457,,175.8828018401268,False
397.14285714285717,0.07523809523809524,42.71096731151383,77.70966186332701,,175.8828018401268,False
397.14285714285717,0.08928571428571429,41.41302870012711,77.20465262908542,,175.8828018401268,False
397.14285714285717,0.10333333333333333,40.15454285185249,76.71499389718124,,175.8828018401268,False
397.14285714285717,0.11738095238095238,38.93373785896813,76.23999624382064,,175.8828018401268,False
397.14285714285717,0.13142857142857142,37.74894635555944,75.77901092092227,,175.8828018401268,False
397.14285714285717,0.14547619047619048,36.59859791968313,75.33142689990898,,175.8828018401268,False
397.14285714285717,0.1595238095238095,35.48121212866781,74.89666816962497,,175.8828018401268,False
397.14285714285717,0.17357142857142857,34.39539220297242,74.47419126325275,,175.8828018401268,False
397.14285714285717,0.1876190476190476,33.33981918121993,74.06348299190255,,175.8828018401268,False
397.14285714285717,0.20166666666666666,32.313246575330226,73.66405836500142,,175.8828018401268,False
397.14285714285717,0.2157142857142857,31.3144954602117,73.27545867976279,,175.8828018401268,False
397.14285714285717,0.22976190476190475,30.342449957343433,72.89724976391349,,175.8828018401268,False
397.14285714285717,0.2438095238095238,29.39605307587093,72.52902035752392,,175.8828018401268,False
397.14285714285717,0.25785714285714284,28.474302878628887,72.1703806212625,,175.8828018401268,False
397.14285714285717,0.27190476190476187,27.576248943854033,71.8209607596993,,175.8828018401268,False
397.14285714285717,0.28595238095238096,26.70098909632107,71.4804097494379,,175.8828018401268,False
397.14285714285717,0.3,25.847666384266454,71.14839416288001,,175.8828018401268,False
417.8571428571429,0.005,47.486530548338514,79.56776479064837,,175.8828018401268,False
417.8571428571429,0.019047619047619046,46.06990733111049,79.01657708433856,,175.8828018401268,False
417.8571428571429,0.033095238095238094,44.69773452478303,78.48268439319642,,175.8828018401268,False
417.8571428571429,0.04714285714285714,43.36795231645498,77.96528527366613,,175.8828018401268,False
417.8571428571429,0.061190476190476184,42.078626225074366,77.46362704701075,,175.8828018401268,False
417.8571428571429,0.07523809523809524,40.82793771180631,76.97700214594133,,175.8828018401268,False
417.8571428571429,0.08928571428571429,39.61417562208389,76.50474478484219,,175.8828018401268,False
417.8571428571429,0.10333333333333333,38.435728374649024,76.04622792063907,,175.8828018401268,False
417.8571428571429,0.11738095238095238,37.291076822604786,75.60086047513735,,175.8828018401268,False
417.8571428571429,0.13142857142857142,36.17878771998112,75.16808479295693,,175.8828018401268,False
417.8571428571429,0.14547619047619048,35.09750773473045,74.74737431207461,,175.8828018401268,False
417.8571428571429,0.1595238095238095,34.04595795556787,74.33823142651516,,175.8828018401268,False
417.8571428571429,0.17357142857142857,33.022928845776825,73.94018552294929,,175.8828018401268,False
417.8571428571429,0.1876190476190476,32.02727560211673,73.55279117491176,,175.8828018401268,False
417.8571428571429,0.20166666666666666,31.057913881393574,73.17562648007112,,175.8828018401268,False
417.8571428571429,0.2157142857142857,30.11381586115476,72.80829152750324,,175.8828018401268,False
417.8571428571429,0.22976190476190475,29.194006604423684,72.45040698326132,,175.8828018401268,False
417.8571428571429,0.2438095238095238,28.297560701442983,72.10161278372703,,175.8828018401268,False
417.8571428571429,0.25785714285714284,27.42359916411078,71.76156692727994,,175.8828018401268,False
417.8571428571429,0.27190476190476187,26.571286551200323,71.4299443557621,,175.8828018401268,False
417.8571428571429,0.28595238095238096,25.73982830460003,71.10643591804727,,175.8828018401268,False
417.8571428571429,0.3,24.92846827872084,70.79074740876894,,175.8828018401268,False
438.5714285714286,0.005,45.29261019848981,78.71414195660662,,175.8828018401268,False
438.5714285714286,0.019047619047619046,43.973818242470145,78.20101898608193,,175.8828018401268,False
438.5714285714286,0.033095238095238094,42.69455245041204,77.70327507710884,,175.8828018401268,False
438.5714285714286,0.04714285714285714,41.453062071401426,77.2202290377029,,175.8828018401268,False
438.5714285714286,0.061190476190476184,40.247698245924646,76.75123932035703,,175.8828018401268,False
438.5714285714286,0.07523809523809524,39.07690669973831,76.29570117933172,,175.8828018401268,False
438.5714285714286,0.08928571428571429,37.93922105751491,75.85304406909053,,175.8828018401268,False
438.5714285714286,0.10333333333333333,36.833256715781474,75.42272926034886,,175.8828018401268,False
438.5714285714286,0.11738095238095238,35.757705221321125,75.00424765279077,,175.8828018401268,False
438.5714285714286,0.13142857142857142,34.711329107048826,74.59711776578266,,175.8828018401268,False
438.5714285714286,0.14547619047619048,33.69295714250907,74.20088389041018,,175.8828018401268,False
438.5714285714286,0.1595238095238095,32.70147996067092,73.81511438792721,,175.8828018401268,False
438.5714285714286,0.17357142857142857,31.73584602669094,73.43940012125944,,175.8828018401268,False
438.5714285714286,0.1876190476190476,30.795057917848123,73.07335300758074,,175.8828018401268,False
438.5714285714286,0.20166666666666666,29.878168886984234,72.71660468119696,,175.8828018401268,False
438.5714285714286,0.2157142857142857,28.984279684558377,72.36880525705345,,175.8828018401268,False
438.5714285714286,0.22976190476190475,28.112535616892398,72.02962218614047,,175.8828018401268,False
438.5714285714286,0.2438095238095238,27.26212382037715,71.6987391949262,,175.8828018401268,False
438.5714285714286,0.25785714285714284,26.432270733367336,71.37585530170718,,175.8828018401268,False
438.5714285714286,0.27190476190476187,25.622239749237185,71.06068390344628,,175.8828018401268,False
438.5714285714286,0.28595238095238096,24.8313290356305,70.75295192727431,,175.8828018401268,False
438.5714285714286,0.3,24.058869506335544,70.45239904137541,,175.8828018401268,False
459.28571428571433,0.005,43.26534702736797,77.92536303233949,,175.8828018401268,False
459.28571428571433,0.019047619047619046,42.0342066262389,77.44634402037421,,175.8828018401268,False
459.28571428571433,0.033095238095238094,40.83836111256354,76.98105774116625,,175.8828018401268,False
459.28571428571433,0.04714285714285714,39.67631416042209,76.52892199583488,,175.8828018401268,False
459.28571428571433,0.061190476190476184,38.54665284753237,76.08938703665429,,175.8828018401268,False
459.28571428571433,0.07523809523809524,37.448041924073216,75.66193333713547,,175.8828018401268,False
459.28571428571433,0.08928571428571429,36.379218547690016,75.24606954349262,,175.8828018401268,False
459.28571428571433,0.10333333333333333,35.338987441034774,74.84133059051167,,175.8828018401268,False
459.28571428571433,0.11738095238095238,34.32621643280085,74.44727596663093,,175.8828018401268,False
459.28571428571433,0.13142857142857142,33.339832347281884,74.0634881146278,,175.8828018401268,False
459.28571428571433,0.14547619047619048,32.3788172110816,73.68957095570408,,175.8828018401268,False
459.28571428571433,0.1595238095238095,31.44220474878826,73.32514852600339,,175.8828018401268,False
459.28571428571433,0.17357142857142857,30.529077142254202,72.96986371569336,,175.8828018401268,False
459.28571428571433,0.1876190476190476,29.638562030632652,72.62337710172315,,175.8828018401268,False
459.28571428571433,0.20166666666666666,28.769829730560094,72.28536586623656,,175.8828018401268,False
459.28571428571433,0.2157142857142857,27.922090657864807,71.95552279339577,,175.8828018401268,False
459.28571428571433,0.22976190476190475,27.094592933959525,71.6335553380632,,175.8828018401268,False
459.28571428571433,0.2438095238095238,26.286620161667017,71.31918476040734,,175.8828018401268,False
459.28571428571433,0.25785714285714284,25.497489356649293,71.0121453210515,,175.8828018401268,False
459.28571428571433,0.27190476190476187,24.726549021886335,70.71218353188138,,175.8828018401268,False
459.28571428571433,0.28595238095238096,23.97317735379476,70.41905745807132,,175.8828018401268,False
459.28571428571433,0.3,23.236780569604974,70.13253606729127,,175.8828018401268,False
480.0,0.005,41.38984411965808,77.19563184248875,,175.8828018401268,False
480.0,0.019047619047619046,40.2374382605592,76.7472473077092,,175.8828018401268,False
480.0,0.033095238095238094,39.11667727231285,76.31117533675716,,175.8828018401268,False
480.0,0.04714285714285714,38.026275364475545,75.88691564707575,,175.8828018401268,False
480.0,0.061190476190476184,36.96501547452484,75.47399469715293,,175.8828018401268,False
480.0,0.07523809523809524,35.93174473636744,75.07196392338345,,175.8828018401268,False
480.0,0.08928571428571429,34.92537030271513,74.68039811461524,,175.8828018401268,False
480.0,0.10333333333333333,33.94485548950305,74.29889391199835,,175.8828018401268,False
480.0,0.11738095238095238,32.989216213755,73.92706842300927,,175.8828018401268,False
480.0,0.13142857142857142,32.057517699165416,73.5645579396404,,175.8828018401268,False
480.0,0.14547619047619048,31.148871426214352,73.21101675173381,,175.8828018401268,False
480.0,0.1595238095238095,30.262432305898766,72.86611604732063,,175.8828018401268,False
480.0,0.17357142857142857,29.397396058182213,72.52954289261352,,175.8828018401268,False
480.0,0.1876190476190476,28.55299677807003,72.20099928500177,,175.8828018401268,False
480.0,0.20166666666666666,27.728504673827658,71.88020127302427,,175.8828018401268,False
480.0,0.2157142857142857,26.92322396330362,71.56687813785936,,175.8828018401268,False
480.0,0.22976190476190475,26.136490915611443,71.2607716313713,,175.8828018401268,False
480.0,0.2438095238095238,25.36767202658634,70.96163526620668,,175.8828018401268,False
480.0,0.25785714285714284,24.616162317474966,70.66923365383921,,175.8828018401268,False
480.0,0.27190476190476187,23.881383747255835,70.38334188682641,,175.8828018401268,False
480.0,0.28595238095238096,23.162783729833837,70.10374496187129,,175.8828018401268,False
480.0,0.3,22.459833748114487,69.83023724057854,,175.8828018401268,False
